{"coins":2,"playerY":-1.204101324081421,"playerX":-9.195744514465332,"lives":3,"currentLevel":"Level_1"}